Designator,Val,Package,Mid X,Mid Y,Rotation,Layer
C1,100 nF,C_0805_2012Metric,90.5,-96.25,90.0,top
C10,47 uF,CP_Elec_6.3x5.4,116.5,-67.0,90.0,top
C11,3.3 nF,C_0805_2012Metric,112.0,-60.0,180.0,top
C12,12 pF,C_0805_2012Metric,122.25,-93.25,180.0,top
C13,12 pF,C_0805_2012Metric,125.75,-89.5,90.0,top
C14,100 nF,C_0805_2012Metric,115.75,-93.75,90.0,top
C15,12 pF,C_0805_2012Metric,78.25,-45.0,-90.0,top
C16,1 uF,C_0603_1608Metric,82.955,-56.755,0.0,top
C2,100 nF,C_0805_2012Metric,92.5,-96.25,90.0,top
C25,1 uF,C_0805_2012Metric,108.5,-43.25,90.0,top
C3,12 pF,C_0805_2012Metric,80.5,-93.75,90.0,top
C31,10 uF,C_0805_2012Metric,79.0,-42.25,180.0,top
C33,10 uF,C_0805_2012Metric,83.75,-42.25,0.0,top
C34,10 uF,C_0805_2012Metric,107.25,-97.75,180.0,top
C35,10 uF,C_0805_2012Metric,100.5,-88.5,180.0,top
C36,10 uF,C_0805_2012Metric,105.75,-42.0,180.0,top
C38,56 nF,C_0805_2012Metric,122.0,-85.25,0.0,top
C39,3.3 nF,C_0805_2012Metric,122.0,-87.25,0.0,top
C4,150 pF,C_0603_1608Metric_Pad1.08x0.95mm_HandSolder,104.5,-72.75,180.0,top
C41,10 uF,C_0805_2012Metric,104.5,-83.25,-90.0,top
C42,100 nF,C_0805_2012Metric,106.5,-83.25,90.0,top
C43,100 nF,C_0805_2012Metric,118.5,-85.25,180.0,top
C44,100 nF,C_0805_2012Metric,118.5,-87.5,0.0,top
C45,100 nF,C_0805_2012Metric,110.75,-95.75,90.0,top
C46,100 nF,C_0805_2012Metric,106.75,-94.75,-90.0,top
C47,10 uF,C_0805_2012Metric,113.0,-79.74,0.0,top
C48,100 nF,C_0805_2012Metric,113.0,-81.75,0.0,top
C49,10 uF,C_0805_2012Metric,116.5,-80.5,0.0,top
C5,470 pF,C_0805_2012Metric,108.0,-72.0,90.0,top
C50,100 nF,C_0805_2012Metric,116.5,-82.5,0.0,top
C51,1 uF,C_0805_2012Metric,86.25,-83.25,0.0,top
C52,10 uF,C_0805_2012Metric,94.5,-96.25,-90.0,top
C53,10 uF,C_0805_2012Metric,96.5,-96.25,-90.0,top
C54,12 pF,C_0805_2012Metric,83.5,-97.25,0.0,top
C55,10 uF,C_0805_2012Metric,86.5,-96.25,-90.0,top
C56,100 nF,C_0805_2012Metric,88.5,-96.25,90.0,top
C57,10 uF,C_0805_2012Metric,81.25,-85.75,180.0,top
C58,10 uF,C_0805_2012Metric,81.25,-87.75,180.0,top
C59,12 pF,C_0805_2012Metric,84.65,-45.0,90.0,top
C6,47 uF,CP_Elec_6.3x5.4,102.5,-67.0,90.0,top
C60,1 uF,C_0805_2012Metric,105.75,-39.99,180.0,top
C61,1 uF,C_0805_2012Metric,110.5,-43.25,90.0,top
C62,10 uF,C_0805_2012Metric,115.0,-46.0,180.0,top
C63,1 uF,C_0805_2012Metric,115.0,-44.0,180.0,top
C64,1 uF,C_0805_2012Metric,115.0,-50.25,180.0,top
C65,1 uF,C_0805_2012Metric,115.0,-48.25,180.0,top
C66,10 uF,C_0805_2012Metric,115.0,-52.5,0.0,top
C67,1 uF,C_0805_2012Metric,115.0,-54.51,0.0,top
C68,1 uF,C_0805_2012Metric,109.5,-55.0,90.0,top
C69,1 uF,C_0805_2012Metric,112.25,-54.25,90.0,top
C7,3.3 nF,C_0805_2012Metric,107.0,-60.0,0.0,top
C70,1 uF,C_0805_2012Metric,106.75,-54.25,90.0,top
C71,1 uF,C_0805_2012Metric,107.0,-57.75,0.0,top
C72,1 uF,C_0805_2012Metric,112.0,-57.75,180.0,top
C73,1 uF,C_0805_2012Metric,104.0,-50.25,180.0,top
C74,1 uF,C_0805_2012Metric,104.0,-48.25,180.0,top
C75,1 uF,C_0805_2012Metric,104.0,-54.5,180.0,top
C76,1 uF,C_0805_2012Metric,104.0,-44.0,0.0,top
C77,10 uF,C_0805_2012Metric,104.0,-52.5,180.0,top
C78,10 uF,C_0805_2012Metric,104.0,-46.0,0.0,top
C79,100 nF,C_0805_2012Metric,74.5,-82.5,0.0,top
C8,150 pF,C_0603_1608Metric_Pad1.08x0.95mm_HandSolder,114.25,-72.75,0.0,top
C80,100 nF,C_0805_2012Metric,74.75,-58.55,0.0,top
C81,100 nF,C_0805_2012Metric,85.275,-60.045,180.0,top
C82,100 nF,C_0805_2012Metric,74.775,-60.605,0.0,top
C9,470 pF,C_0805_2012Metric,111.0,-72.0,90.0,top
IC1,PAM8620TR,PAM8620TR,109.5,-49.25,90.0,top
J1,USB_C_Receptacle_USB2.0,USB_C_Receptacle_HRO_TYPE-C-31-M-12,69.86,-30.36,90.0,top
J10,GND,PinHeader_1x01_P2.54mm_Vertical,79.75,-32.25,0.0,top
J2,5V Screw,WJ500V-5.08-2P,71.25,-41.25,90.0,top
J3,GND,PinHeader_1x01_P2.54mm_Vertical,120.25,-37.25,0.0,top
J4,GND,PinHeader_1x01_P2.54mm_Vertical,102.0,-33.75,0.0,top
J5,12V Screw,WJ500V-5.08-2P,109.5,-33.75,180.0,top
J7,Woofer,WJ500V-5.08-2P,96.5,-49.0,180.0,top
J8,Tweeter,WJ500V-5.08-2P,122.5,-49.25,180.0,top
Q1,SS8050,SOT-23,91.5,-56.0,270.0,top
R1,5.1k,R_0805_2012Metric,74.75,-26.5,-90.0,top
R10,49.9 kΩ,R_0805_2012Metric,107.0,-62.0,0.0,top
R11,4.75 kΩ,R_0805_2012Metric,111.0,-75.5,90.0,top
R12,4.75 kΩ,R_0805_2012Metric,113.75,-74.5,0.0,top
R13,604 Ω,R_0805_2012Metric,115.5,-61.0,180.0,top
R14,49.9 kΩ,R_0805_2012Metric,112.0,-62.0,180.0,top
R15,10 kΩ,R_0805_2012Metric,95.5,-78.5,90.0,top
R16,10k Ohm,R_0805_2012Metric,88.3,-59.5,-90.0,top
R17,10k Ohm,R_0805_2012Metric,88.075,-26.1,0.0,top
R18,10 kΩ,R_0805_2012Metric,103.0,-41.25,90.0,top
R19,91 kΩ,R_0805_2012Metric,112.5,-41.25,-90.0,top
R2,5.1k,R_0805_2012Metric,74.75,-34.0,-90.0,top
R20,475 Ω,R_0805_2012Metric,124.75,-86.0,-90.0,top
R21,100 Ω,R_0805_2012Metric,118.5,-91.0,180.0,top
R22,2.2 kΩ,R_0805_2012Metric,92.0,-82.75,180.0,top
R23,2.2 kΩ,R_0805_2012Metric,95.5,-85.75,-90.0,top
R24,10 kΩ,R_0805_2012Metric,120.25,-83.25,180.0,top
R25,10 kΩ,R_0805_2012Metric,99.5,-75.75,0.0,top
R26,10k,R_0805_2012Metric,82.5,-60.0,-90.0,top
R27,10 kΩ,R_0805_2012Metric,104.0,-88.5,180.0,top
R28,10 kΩ,R_0805_2012Metric,96.5,-63.75,90.0,top
R29,10k,R_0805_2012Metric,117.75,-93.75,90.0,top
R3,22,R_0805_2012Metric,76.0,-29.25,0.0,top
R30,10k Ohm,R_0805_2012Metric,77.975,-82.525,180.0,top
R4,22,R_0805_2012Metric,76.0,-31.25,0.0,top
R6,10k Ohm,R_0805_2012Metric,88.3,-55.9,-90.0,top
R7,4.75 kΩ,R_0805_2012Metric,108.0,-75.5,90.0,top
R8,4.75 kΩ,R_0805_2012Metric,105.25,-74.5,180.0,top
R9,604 Ω,R_0805_2012Metric,103.5,-61.0,0.0,top
RV1,Volume,Potentiometer_Bourns_3224J_Horizontal,126.75,-95.5,90.0,top
SS8050,NPN,SOT-23,91.5,-59.6,270.0,top
SW1,BOOT,KH-6X6X5H-STM_SKE,99.749999,-82.000001,-90.0,top
SW2,KH-6X6X5H-STM,KH-6X6X5H-STM_SKE,87.05,-30.525,0.0,top
SW3,KH-6X6X5H-STM,KH-6X6X5H-STM_SKE,76.0,-89.1,90.0,top
TP1,TestPoint,TestPoint_Pad_2.0x2.0mm,116.75,-37.25,0.0,top
TP2,TestPoint,TestPoint_Pad_2.0x2.0mm,116.75,-33.75,0.0,top
TP3,TestPoint,TestPoint_Pad_2.0x2.0mm,80.0,-97.25,0.0,top
TP4,TestPoint,TestPoint_Pad_2.0x2.0mm,81.0,-90.25,0.0,top
TP5,TestPoint,TestPoint_Pad_2.0x2.0mm,81.25,-83.25,0.0,top
TP6,IN_SW,TestPoint_Pad_2.0x2.0mm,79.65,-60.0,90.0,top
TP7,IN_SW,TestPoint_Pad_2.0x2.0mm,82.55,-50.15,90.0,top
TP8,IN_SW,TestPoint_Pad_2.0x2.0mm,119.0,-97.25,0.0,top
TP9,IN_SW,TestPoint_Pad_2.0x2.0mm,115.5,-97.25,0.0,top
U2,PCM1862DBT,TSSOP-30_4.4x7.8mm_P0.5mm,90.5,-88.5,270.0,top
U3,AD8606ARM,MSOP-8_3x3mm_P0.65mm,109.5,-68.25,0.0,top
U4,AMS1117-1.8,SOT-223-3_TabPin2,101.75,-94.25,270.0,top
U5,ESP32-WROOM-32E-R2,ESP32-WROOM-32D,82.66,-71.65,0.0,top
U6,CH340G,SOIC-16_3.9x9.9mm_P1.27mm,76.725,-52.195,90.0,top
U7,ADAU1701,LQFP-48_7x7mm_P0.5mm,111.0,-88.75,270.0,top
U8,AZ1117-3.3,TO-252-2,82.95,-37.72,0.0,top
Y1,Crystal_GND24,Crystal_SMD_3225-4Pin_3.2x2.5mm,122.5,-90.25,0.0,top
Y2,Crystal_GND24,Crystal_SMD_3225-4Pin_3.2x2.5mm,83.5,-94.0,-90.0,top
Y3,12 MHz,Crystal_SMD_3225-4Pin_3.2x2.5mm,81.4,-45.0,0.0,top
